{"cameraMode":{"drawMode":0,"name":"Shaded","section":"Shading Mode"},"sceneLighting":false,"audioPlay":false,"sceneViewState":{"showFog":true,"showMaterialUpdate":false,"showSkybox":true,"showFlares":true,"showImageEffects":true,"showParticleSystems":true},"in2DMode":false,"pivot":{"x":-10.84265422821045,"y":-13.231171607971192,"z":27.939796447753908},"rotation":{"x":0.21016748249530793,"y":-0.17777538299560548,"z":0.03889573737978935,"w":0.9605793356895447},"size":60.474639892578128,"orthographic":false}