{"cameraMode":{"drawMode":0,"name":"Shaded","section":"Shading Mode"},"sceneLighting":false,"audioPlay":false,"sceneViewState":{"showFog":true,"showMaterialUpdate":false,"showSkybox":true,"showFlares":true,"showImageEffects":true,"showParticleSystems":true},"in2DMode":false,"pivot":{"x":-24.11815643310547,"y":-63.64258575439453,"z":87.15066528320313},"rotation":{"x":-0.28785547614097597,"y":0.1321856826543808,"z":-0.040151674300432208,"w":-0.9476571083068848},"size":163.08580017089845,"orthographic":false}